title,channel,views,url
Python Tutorial For Beginners in Hindi | Complete Python Course 🔥,CodeWithHarry,18M views,https://www.youtube.com/watch?v=UrsmFxEIp5k
Python Full Course for free 🐍,Bro Code,9.3M views,https://www.youtube.com/watch?v=ix9cRaBkVe0
Python Full Course for free 🐍,Bro Code,21M views,https://www.youtube.com/watch?v=XKHEtdqhLK8
Python in one video - Learn Complete Python in 2.5 Hours for Beginners 🔥| Full Course,Anuj Kumar Sharma,467K views,https://www.youtube.com/watch?v=L5sZ6WgOnj0
Harvard CS50’s Introduction to Programming with Python – Full University Course,freeCodeCamp.org,8.1M views,https://www.youtube.com/watch?v=nLRL_NcnK-4
Python Tutorial for Beginners - Full Course (with Notes & Practice Questions),Apna College,11M views,https://www.youtube.com/watch?v=ERCMXc8x7mc
Python Full Course for Beginners,Programming with Mosh,47M views,https://www.youtube.com/watch?v=_uQrJ0TkZlc
Python Tutorial for Beginners - Learn Python in 5 Hours [FULL COURSE],TechWorld with Nana,6.7M views,https://www.youtube.com/watch?v=t8pPdKYpowI
15 Minute Python Tutorial For Beginners In Hindi (Full & Complete Python Crash Course),CodeWithHarry,2M views,https://www.youtube.com/watch?v=fr1f84rg4Nw
Python Tutorial for Beginners (with mini-projects),freeCodeCamp.org,1M views,https://www.youtube.com/watch?v=qwAFL1597eM
Learn Python in Only 30 Minutes (Beginner Tutorial),Indently,676K views,https://www.youtube.com/watch?v=Ro_MScTDfU4
Python Tutorial for Beginners | Learn Python in 1.5 Hours,Apna College,11M views,https://www.youtube.com/watch?v=vLqTf2b6GZw
Python for Beginners - Learn Coding with Python in 1 Hour,Programming with Mosh,24M views,https://www.youtube.com/watch?v=kqtD5dpn9C8
